Coupon,Purchase
발송함,구매안함
발송안함,구매안함
발송함,구매안함
발송안함,구매안함
발송함,구매안함
발송안함,구매안함
발송함,구매안함
발송안함,구매안함
발송함,구매함
발송안함,구매안함
발송함,구매함
발송안함,구매안함
발송함,구매안함
발송안함,구매함
발송함,구매안함
발송안함,구매안함
발송함,구매안함
발송안함,구매안함
발송함,구매안함
발송안함,구매안함
발송함,구매안함
발송안함,구매안함
발송함,구매안함
발송안함,구매안함
발송함,구매안함
발송안함,구매안함
발송함,구매안함
발송안함,구매안함
발송함,구매안함
발송안함,구매안함
발송함,구매안함
발송안함,구매안함
발송함,구매안함
발송안함,구매안함
발송함,구매함
발송안함,구매안함
발송함,구매안함
발송안함,구매안함
발송함,구매안함
발송안함,구매안함
발송함,구매안함
발송안함,구매안함
발송함,구매안함
발송안함,구매안함
발송함,구매안함
발송안함,구매안함
발송함,구매안함
발송안함,구매안함
발송함,구매안함
발송안함,구매함
발송함,구매안함
발송안함,구매안함
발송함,구매안함
발송안함,구매안함
발송함,구매안함
발송안함,구매안함
발송함,구매안함
발송안함,구매안함
발송함,구매함
발송안함,구매안함
발송함,구매안함
발송안함,구매안함
발송함,구매함
발송안함,구매안함
발송함,구매안함
발송안함,구매안함
발송함,구매안함
발송안함,구매안함
발송함,구매함
발송안함,구매안함
발송함,구매안함
발송안함,구매안함
발송함,구매안함
발송안함,구매안함
발송함,구매안함
발송안함,구매안함
발송함,구매안함
발송안함,구매안함
발송함,구매안함
발송안함,구매안함
발송함,구매안함
발송안함,구매안함
발송함,구매안함
발송안함,구매안함
발송함,구매안함
발송안함,구매안함
발송함,구매안함
발송안함,구매안함
발송함,구매안함
발송안함,구매안함
발송함,구매안함
발송안함,구매안함
발송함,구매안함
발송안함,구매안함
발송함,구매함
발송안함,구매안함
발송함,구매안함
발송안함,구매안함
발송함,구매안함
발송안함,구매안함
발송함,구매안함
발송안함,구매안함
발송함,구매안함
발송안함,구매안함
발송함,구매안함
발송안함,구매안함
발송함,구매안함
발송안함,구매안함
발송함,구매안함
발송안함,구매안함
발송함,구매안함
발송안함,구매안함
발송함,구매안함
발송안함,구매안함
발송함,구매안함
발송안함,구매안함
발송함,구매안함
발송안함,구매안함
발송함,구매안함
발송안함,구매안함
발송함,구매안함
발송안함,구매안함
발송함,구매안함
발송안함,구매안함
발송함,구매함
발송안함,구매안함
발송함,구매안함
발송안함,구매안함
발송함,구매안함
발송안함,구매안함
발송함,구매함
발송안함,구매안함
발송함,구매함
발송안함,구매안함
발송함,구매함
발송안함,구매안함
발송함,구매안함
발송안함,구매안함
발송함,구매안함
발송안함,구매안함
발송함,구매안함
발송안함,구매안함
발송함,구매안함
발송안함,구매안함
발송함,구매안함
발송안함,구매안함
발송함,구매안함
발송안함,구매안함
발송함,구매안함
발송안함,구매안함
발송함,구매안함
발송안함,구매안함
발송함,구매안함
발송안함,구매안함
발송함,구매안함
발송안함,구매안함
발송함,구매안함
발송안함,구매안함
발송함,구매안함
발송안함,구매안함
발송함,구매안함
발송안함,구매안함
발송함,구매안함
발송안함,구매안함
발송함,구매안함
발송안함,구매안함
발송함,구매안함
발송안함,구매안함
발송함,구매안함
발송안함,구매안함
발송함,구매함
발송안함,구매안함
발송함,구매안함
발송안함,구매안함
발송함,구매안함
발송안함,구매안함
발송함,구매안함
발송안함,구매안함
발송함,구매안함
발송안함,구매안함
발송함,구매함
발송안함,구매안함
발송함,구매안함
발송안함,구매안함
발송함,구매안함
발송안함,구매안함
발송함,구매안함
발송안함,구매안함
발송함,구매안함
발송안함,구매안함
발송함,구매안함
발송안함,구매안함
발송함,구매안함
발송안함,구매안함
발송함,구매안함
발송안함,구매안함
발송함,구매안함
발송안함,구매안함
발송함,구매안함
발송안함,구매안함
발송함,구매안함
발송안함,구매안함
발송함,구매안함
발송안함,구매안함
발송함,구매함
발송안함,구매안함
발송함,구매안함
발송안함,구매안함
발송함,구매안함
발송안함,구매안함
발송함,구매안함
발송안함,구매안함
발송함,구매안함
발송안함,구매안함
발송함,구매함
발송안함,구매안함
발송함,구매안함
발송안함,구매안함
발송함,구매안함
발송안함,구매안함
발송함,구매안함
발송안함,구매안함
발송함,구매안함
발송안함,구매안함
발송함,구매안함
발송안함,구매안함
발송함,구매안함
발송안함,구매안함
발송함,구매안함
발송안함,구매안함
발송함,구매안함
발송안함,구매안함
발송함,구매안함
발송안함,구매안함
발송함,구매함
발송안함,구매안함
발송함,구매안함
발송안함,구매안함
발송함,구매함
발송안함,구매안함
발송함,구매안함
발송안함,구매안함
발송함,구매안함
발송안함,구매안함
발송함,구매안함
발송안함,구매안함
발송함,구매안함
발송안함,구매안함
발송함,구매안함
발송안함,구매안함
발송함,구매안함
발송안함,구매안함
발송함,구매안함
발송안함,구매안함
발송함,구매안함
발송안함,구매안함
발송함,구매함
발송안함,구매안함
발송함,구매안함
발송안함,구매안함
발송함,구매안함
발송안함,구매안함
발송함,구매안함
발송안함,구매안함
발송함,구매안함
발송안함,구매안함
발송함,구매안함
발송안함,구매안함
발송함,구매안함
발송안함,구매안함
발송함,구매함
발송안함,구매안함
발송함,구매안함
발송안함,구매안함
발송함,구매안함
발송안함,구매안함
발송함,구매안함
발송안함,구매안함
발송함,구매안함
발송안함,구매안함
발송함,구매안함
발송안함,구매안함
발송함,구매안함
발송안함,구매안함
발송함,구매함
발송안함,구매안함
발송함,구매안함
발송안함,구매안함
발송함,구매안함
발송안함,구매안함
발송함,구매안함
발송안함,구매안함
발송함,구매함
발송안함,구매안함
발송함,구매함
발송안함,구매안함
발송함,구매안함
발송안함,구매함
발송함,구매안함
발송안함,구매안함
발송함,구매안함
발송안함,구매안함
발송함,구매안함
발송안함,구매안함
발송함,구매안함
발송안함,구매안함
발송함,구매안함
발송안함,구매안함
발송함,구매안함
발송안함,구매안함
발송함,구매안함
발송안함,구매안함
발송함,구매안함
발송안함,구매안함
발송함,구매안함
발송안함,구매안함
발송함,구매안함
발송안함,구매안함
발송함,구매안함
발송안함,구매함
발송함,구매안함
발송안함,구매안함
발송함,구매안함
발송안함,구매안함
발송함,구매함
발송안함,구매안함
발송함,구매안함
발송안함,구매함
발송함,구매함
발송안함,구매안함
발송함,구매함
발송안함,구매안함
발송함,구매안함
발송안함,구매안함
발송함,구매안함
발송안함,구매안함
발송함,구매함
발송안함,구매안함
발송함,구매안함
발송안함,구매안함
발송함,구매안함
발송안함,구매안함
발송함,구매안함
발송안함,구매안함
발송함,구매안함
발송안함,구매안함
발송함,구매함
발송안함,구매안함
발송함,구매안함
발송안함,구매안함
발송함,구매안함
발송안함,구매안함
발송함,구매안함
발송안함,구매안함
발송함,구매안함
발송안함,구매안함
발송함,구매안함
발송안함,구매안함
발송함,구매함
발송안함,구매안함
발송함,구매안함
발송안함,구매안함
발송함,구매안함
발송안함,구매안함
발송함,구매안함
발송안함,구매안함
발송함,구매안함
발송안함,구매안함
발송함,구매안함
발송안함,구매안함
발송함,구매안함
발송안함,구매안함
발송함,구매안함
발송안함,구매안함
발송함,구매함
발송안함,구매안함
발송함,구매안함
발송안함,구매안함
발송함,구매함
발송안함,구매안함
발송함,구매안함
발송안함,구매안함
발송함,구매안함
발송안함,구매안함
발송함,구매안함
발송안함,구매안함
발송함,구매안함
발송안함,구매안함
발송함,구매안함
발송안함,구매안함
발송함,구매안함
발송안함,구매안함
발송함,구매안함
발송안함,구매안함
발송함,구매안함
발송안함,구매안함
발송함,구매안함
발송안함,구매안함
발송함,구매안함
발송안함,구매안함
발송함,구매안함
발송안함,구매안함
발송함,구매함
발송안함,구매안함
발송함,구매안함
발송안함,구매안함
발송함,구매안함
발송안함,구매안함
발송함,구매안함
발송안함,구매안함
발송함,구매안함
발송안함,구매안함
발송함,구매안함
발송안함,구매안함
발송함,구매안함
발송안함,구매안함
발송함,구매안함
발송안함,구매안함
발송함,구매안함
발송안함,구매안함
발송함,구매안함
발송안함,구매안함
발송함,구매안함
발송안함,구매안함
발송함,구매안함
발송안함,구매안함
발송함,구매함
발송안함,구매안함
발송함,구매함
발송안함,구매안함
발송함,구매안함
발송안함,구매안함
발송함,구매안함
발송안함,구매안함
발송함,구매안함
발송안함,구매안함
발송함,구매안함
발송안함,구매안함
발송함,구매안함
발송안함,구매안함
발송함,구매안함
발송안함,구매안함
발송함,구매안함
발송안함,구매안함
발송함,구매안함
발송안함,구매안함
발송함,구매함
발송안함,구매안함
발송함,구매안함
발송안함,구매안함
발송함,구매안함
발송안함,구매안함
발송함,구매안함
발송안함,구매안함
발송함,구매안함
발송안함,구매안함
발송함,구매안함
발송안함,구매안함
발송함,구매안함
발송안함,구매안함
발송함,구매안함
발송안함,구매안함
발송함,구매안함
발송안함,구매안함
발송함,구매안함
발송안함,구매안함
발송함,구매함
발송안함,구매안함
발송함,구매안함
발송안함,구매안함
발송함,구매안함
발송안함,구매안함
발송함,구매안함
발송안함,구매안함
발송함,구매안함
발송안함,구매안함
발송함,구매안함
발송안함,구매안함
발송함,구매안함
발송안함,구매안함
발송함,구매안함
발송안함,구매안함
발송함,구매안함
발송안함,구매안함
발송함,구매안함
발송안함,구매안함
발송함,구매안함
발송안함,구매안함
발송함,구매안함
발송안함,구매안함
발송함,구매안함
발송안함,구매안함
발송함,구매안함
발송안함,구매안함
발송함,구매안함
발송안함,구매안함
발송함,구매안함
발송안함,구매안함
발송함,구매함
발송안함,구매안함
발송함,구매함
발송안함,구매안함
발송함,구매안함
발송안함,구매안함
발송함,구매안함
발송안함,구매안함
발송함,구매안함
발송안함,구매안함
발송함,구매안함
발송안함,구매안함
발송함,구매안함
발송안함,구매안함
발송함,구매안함
발송안함,구매안함
발송함,구매함
발송안함,구매안함
발송함,구매안함
발송안함,구매안함
발송함,구매안함
발송안함,구매안함
발송함,구매함
발송안함,구매안함
발송함,구매안함
발송안함,구매안함
발송함,구매안함
발송안함,구매안함
발송함,구매안함
발송안함,구매안함
발송함,구매안함
발송안함,구매안함
발송함,구매안함
발송안함,구매안함
발송함,구매안함
발송안함,구매안함
발송함,구매안함
발송안함,구매안함
발송함,구매안함
발송안함,구매안함
발송함,구매안함
발송안함,구매안함
발송함,구매안함
발송안함,구매안함
발송함,구매안함
발송안함,구매안함
발송함,구매안함
발송안함,구매안함
발송함,구매안함
발송안함,구매안함
발송함,구매안함
발송안함,구매함
발송함,구매안함
발송안함,구매안함
발송함,구매안함
발송안함,구매안함
발송함,구매함
발송안함,구매안함
발송함,구매안함
발송안함,구매안함
발송함,구매안함
발송안함,구매안함
발송함,구매안함
발송안함,구매안함
발송함,구매안함
발송안함,구매안함
발송함,구매안함
발송안함,구매안함
발송함,구매안함
발송안함,구매안함
발송함,구매함
발송안함,구매안함
발송함,구매함
발송안함,구매안함
발송함,구매안함
발송안함,구매안함
발송함,구매안함
발송안함,구매안함
발송함,구매안함
발송안함,구매안함
발송함,구매함
발송안함,구매안함
발송함,구매안함
발송안함,구매안함
발송함,구매안함
발송안함,구매안함
발송함,구매안함
발송안함,구매안함
발송함,구매함
발송안함,구매안함
발송함,구매안함
발송안함,구매안함
발송함,구매함
발송안함,구매안함
발송함,구매안함
발송안함,구매안함
발송함,구매안함
발송안함,구매안함
발송함,구매안함
발송안함,구매안함
발송함,구매안함
발송안함,구매안함
발송함,구매함
발송안함,구매안함
발송함,구매안함
발송안함,구매안함
발송함,구매안함
발송안함,구매안함
발송함,구매안함
발송안함,구매안함
발송함,구매함
발송안함,구매안함
발송함,구매함
발송안함,구매안함
발송함,구매함
발송안함,구매안함
발송함,구매안함
발송안함,구매안함
발송함,구매안함
발송안함,구매안함
발송함,구매안함
발송안함,구매안함
발송함,구매함
발송안함,구매안함
발송함,구매함
발송안함,구매안함
발송함,구매함
발송안함,구매안함
발송함,구매안함
발송안함,구매안함
발송함,구매안함
발송안함,구매안함
발송함,구매함
발송안함,구매안함
발송함,구매안함
발송안함,구매안함
발송함,구매안함
발송안함,구매안함
발송함,구매안함
발송안함,구매안함
발송함,구매안함
발송안함,구매안함
발송함,구매안함
발송안함,구매안함
발송함,구매안함
발송안함,구매안함
발송함,구매함
발송안함,구매안함
발송함,구매함
발송안함,구매안함
발송함,구매함
발송안함,구매안함
발송함,구매안함
발송안함,구매안함
발송함,구매함
발송안함,구매안함
발송함,구매안함
발송안함,구매안함
발송함,구매안함
발송안함,구매안함
발송함,구매함
발송안함,구매안함
발송함,구매함
발송안함,구매함
발송함,구매안함
발송안함,구매안함
발송함,구매안함
발송안함,구매안함
발송함,구매안함
발송안함,구매함
발송함,구매함
발송안함,구매안함
발송함,구매안함
발송안함,구매안함
발송함,구매안함
발송안함,구매안함
발송함,구매안함
발송안함,구매안함
발송함,구매안함
발송안함,구매안함
발송함,구매함
발송안함,구매안함
발송함,구매함
발송안함,구매안함
발송함,구매안함
발송안함,구매안함
발송함,구매함
발송안함,구매안함
발송함,구매안함
발송안함,구매안함
발송함,구매안함
발송안함,구매안함
발송함,구매함
발송안함,구매안함
발송함,구매안함
발송안함,구매안함
발송함,구매함
발송안함,구매안함
발송함,구매안함
발송안함,구매안함
발송함,구매안함
발송안함,구매안함
발송함,구매함
발송안함,구매안함
발송함,구매안함
발송안함,구매안함
발송함,구매안함
발송안함,구매안함
발송함,구매안함
발송안함,구매안함
발송함,구매안함
발송안함,구매안함
발송함,구매안함
발송안함,구매안함
발송함,구매안함
발송안함,구매안함
발송함,구매안함
발송안함,구매안함
발송함,구매안함
발송안함,구매안함
발송함,구매안함
발송안함,구매안함
발송함,구매안함
발송안함,구매안함
발송함,구매함
발송안함,구매안함
발송함,구매안함
발송안함,구매안함
발송함,구매안함
발송안함,구매안함
발송함,구매안함
발송안함,구매안함
발송함,구매함
발송안함,구매안함
발송함,구매안함
발송안함,구매안함
발송함,구매안함
발송안함,구매안함
발송함,구매안함
발송안함,구매안함
발송함,구매안함
발송안함,구매안함
발송함,구매안함
발송안함,구매안함
발송함,구매안함
발송안함,구매안함
발송함,구매안함
발송안함,구매안함
발송함,구매안함
발송안함,구매안함
발송함,구매함
발송안함,구매안함
발송함,구매안함
발송안함,구매안함
발송함,구매안함
발송안함,구매안함
발송함,구매안함
발송안함,구매안함
발송함,구매안함
발송안함,구매안함
발송함,구매안함
발송안함,구매안함
발송함,구매안함
발송안함,구매안함
발송함,구매안함
발송안함,구매안함
발송함,구매안함
발송안함,구매안함
발송함,구매안함
발송안함,구매안함
발송함,구매안함
발송안함,구매안함
발송함,구매함
발송안함,구매안함
발송함,구매안함
발송안함,구매안함
발송함,구매안함
발송안함,구매안함
발송함,구매안함
발송안함,구매안함
발송함,구매함
발송안함,구매안함
발송함,구매안함
발송안함,구매안함
발송함,구매안함
발송안함,구매안함
발송함,구매안함
발송안함,구매안함
발송함,구매안함
발송안함,구매안함
발송함,구매안함
발송안함,구매안함
발송함,구매안함
발송안함,구매안함
발송함,구매안함
발송안함,구매안함
발송함,구매안함
발송안함,구매안함
발송함,구매안함
발송안함,구매함
발송함,구매안함
발송안함,구매안함
발송함,구매안함
발송안함,구매안함
발송함,구매함
발송안함,구매안함
발송함,구매안함
발송안함,구매안함
발송함,구매안함
발송안함,구매안함
발송함,구매안함
발송안함,구매안함
발송함,구매안함
발송안함,구매안함
발송함,구매함
발송안함,구매안함
발송함,구매안함
발송안함,구매안함
발송함,구매안함
발송안함,구매안함
발송함,구매안함
발송안함,구매안함
발송함,구매안함
발송안함,구매안함
발송함,구매안함
발송안함,구매안함
발송함,구매안함
발송안함,구매안함
발송함,구매안함
발송안함,구매안함
발송함,구매안함
발송안함,구매안함
발송함,구매함
발송안함,구매안함
발송함,구매함
발송안함,구매안함
발송함,구매안함
발송안함,구매안함
발송함,구매안함
발송안함,구매안함
발송함,구매함
발송안함,구매안함
발송함,구매안함
발송안함,구매안함
발송함,구매안함
발송안함,구매안함
발송함,구매안함
발송안함,구매안함
발송함,구매안함
발송안함,구매안함
발송함,구매안함
발송안함,구매안함
발송함,구매함
발송안함,구매안함
발송함,구매안함
발송안함,구매안함
발송함,구매안함
발송안함,구매안함
발송함,구매안함
발송안함,구매안함
발송함,구매안함
발송안함,구매안함
발송함,구매함
발송안함,구매안함
발송함,구매안함
발송안함,구매안함
발송함,구매안함
발송안함,구매안함
발송함,구매안함
발송안함,구매안함
발송함,구매함
발송안함,구매안함
발송함,구매안함
발송안함,구매안함
발송함,구매안함
발송안함,구매안함
발송함,구매안함
발송안함,구매안함
발송함,구매안함
발송안함,구매안함
발송함,구매안함
발송안함,구매안함
발송함,구매안함
발송안함,구매안함
발송함,구매안함
발송안함,구매안함
발송함,구매함
발송안함,구매안함
발송함,구매안함
발송안함,구매안함
발송함,구매함
발송안함,구매안함
발송함,구매안함
발송안함,구매안함
발송함,구매안함
발송안함,구매안함
발송함,구매안함
발송안함,구매안함
발송함,구매안함
발송안함,구매안함
발송함,구매함
발송안함,구매안함
발송함,구매안함
발송안함,구매안함
발송함,구매안함
발송안함,구매안함
발송함,구매안함
발송안함,구매안함
발송함,구매안함
발송안함,구매안함
발송함,구매안함
발송안함,구매안함
발송함,구매안함
발송안함,구매안함
발송함,구매안함
발송안함,구매안함
발송함,구매안함
발송안함,구매안함
발송함,구매안함
발송안함,구매안함
발송함,구매안함
발송안함,구매안함
발송함,구매안함
발송안함,구매안함
발송함,구매안함
발송안함,구매안함
발송함,구매안함
발송안함,구매안함
발송함,구매함
발송안함,구매안함
발송함,구매안함
발송안함,구매안함
발송함,구매안함
발송안함,구매안함
발송함,구매안함
발송안함,구매안함
발송함,구매함
발송안함,구매안함
발송함,구매안함
발송안함,구매안함
발송함,구매안함
발송안함,구매안함
발송함,구매안함
발송안함,구매안함
발송함,구매안함
발송안함,구매안함
발송함,구매안함
발송안함,구매안함
발송함,구매안함
발송안함,구매안함
발송함,구매안함
발송안함,구매안함
발송함,구매안함
발송안함,구매함
발송함,구매함
발송안함,구매안함
발송함,구매안함
발송안함,구매안함
발송함,구매안함
발송안함,구매안함
발송함,구매함
발송안함,구매안함
발송함,구매안함
발송안함,구매안함
발송함,구매안함
발송안함,구매안함
발송함,구매안함
발송안함,구매안함
발송함,구매안함
발송안함,구매안함
발송함,구매안함
발송안함,구매안함
발송함,구매함
발송안함,구매안함
발송함,구매안함
발송안함,구매안함
발송함,구매안함
발송안함,구매안함
발송함,구매안함
발송안함,구매안함
발송함,구매안함
발송안함,구매안함
발송함,구매안함
발송안함,구매안함
발송함,구매함
발송안함,구매안함
발송함,구매함
발송안함,구매안함
발송함,구매안함
발송안함,구매안함
발송함,구매안함
발송안함,구매안함
발송함,구매함
발송안함,구매안함
발송함,구매안함
발송안함,구매안함
발송함,구매안함
발송안함,구매안함
발송함,구매안함
발송안함,구매안함
발송함,구매안함
발송안함,구매안함
